buf_type,drive_strength,area,capacitance,max_capacitance,res,width,height
None,0,0,0,0,0,0,0
BUF_X2,2,1.064000,1.779209e-15,1.21155e-13,1166.29,0.76,1.4
BUF_X4,4,1.862000,3.4018920000000006e-15,2.4231e-13,583.145,1.33,1.4
BUF_X8,8,3.458000,6.5851780000000006e-15,4.84009e-13,291.5725,2.47,1.4
BUF_X16,16,6.650000,1.2410827e-14,9.655760000000001e-13,145.78625,4.75,1.4
BUF_X32,32,13.034000,2.6703923000000003e-14,1.9043000000000003e-12,72.893125,9.31,1.4
